WKT,id
"POINT (-82.2263457448251 27.7600793304701)","1"
"POINT (-82.2262361416445 27.7599842473691)","2"
"POINT (-82.2262342680859 27.7599439658583)","3"
"POINT (-82.2262319261376 27.7598886958783)","4"
"POINT (-82.2262300525789 27.7598563769918)","5"
"POINT (-82.2261700987024 27.760087761484)","999"
